id,name,email,description
0,User 0,user0@example.com,Description for user 0
1,User 1,user1@example.com,Description for user 1
2,User 2,user2@example.com,Description for user 2
3,User 3,user3@example.com,Description for user 3
4,User 4,user4@example.com,Description for user 4
5,User 5,user5@example.com,Description for user 5
6,User 6,user6@example.com,Description for user 6
7,User 7,user7@example.com,Description for user 7
8,User 8,user8@example.com,Description for user 8
9,User 9,user9@example.com,Description for user 9
10,User 10,user10@example.com,Description for user 10
11,User 11,user11@example.com,Description for user 11
12,User 12,user12@example.com,Description for user 12
13,User 13,user13@example.com,Description for user 13
14,User 14,user14@example.com,Description for user 14
15,User 15,user15@example.com,Description for user 15
16,User 16,user16@example.com,Description for user 16
17,User 17,user17@example.com,Description for user 17
18,User 18,user18@example.com,Description for user 18
19,User 19,user19@example.com,Description for user 19
20,User 20,user20@example.com,Description for user 20
21,User 21,user21@example.com,Description for user 21
22,User 22,user22@example.com,Description for user 22
23,User 23,user23@example.com,Description for user 23
24,User 24,user24@example.com,Description for user 24
25,User 25,user25@example.com,Description for user 25
26,User 26,user26@example.com,Description for user 26
27,User 27,user27@example.com,Description for user 27
28,User 28,user28@example.com,Description for user 28
29,User 29,user29@example.com,Description for user 29
30,User 30,user30@example.com,Description for user 30
31,User 31,user31@example.com,Description for user 31
32,User 32,user32@example.com,Description for user 32
33,User 33,user33@example.com,Description for user 33
34,User 34,user34@example.com,Description for user 34
35,User 35,user35@example.com,Description for user 35
36,User 36,user36@example.com,Description for user 36
37,User 37,user37@example.com,Description for user 37
38,User 38,user38@example.com,Description for user 38
39,User 39,user39@example.com,Description for user 39
40,User 40,user40@example.com,Description for user 40
41,User 41,user41@example.com,Description for user 41
42,User 42,user42@example.com,Description for user 42
43,User 43,user43@example.com,Description for user 43
44,User 44,user44@example.com,Description for user 44
45,User 45,user45@example.com,Description for user 45
46,User 46,user46@example.com,Description for user 46
47,User 47,user47@example.com,Description for user 47
48,User 48,user48@example.com,Description for user 48
49,User 49,user49@example.com,Description for user 49
50,User 50,user50@example.com,Description for user 50
51,User 51,user51@example.com,Description for user 51
52,User 52,user52@example.com,Description for user 52
53,User 53,user53@example.com,Description for user 53
54,User 54,user54@example.com,Description for user 54
55,User 55,user55@example.com,Description for user 55
56,User 56,user56@example.com,Description for user 56
57,User 57,user57@example.com,Description for user 57
58,User 58,user58@example.com,Description for user 58
59,User 59,user59@example.com,Description for user 59
60,User 60,user60@example.com,Description for user 60
61,User 61,user61@example.com,Description for user 61
62,User 62,user62@example.com,Description for user 62
63,User 63,user63@example.com,Description for user 63
64,User 64,user64@example.com,Description for user 64
65,User 65,user65@example.com,Description for user 65
66,User 66,user66@example.com,Description for user 66
67,User 67,user67@example.com,Description for user 67
68,User 68,user68@example.com,Description for user 68
69,User 69,user69@example.com,Description for user 69
70,User 70,user70@example.com,Description for user 70
71,User 71,user71@example.com,Description for user 71
72,User 72,user72@example.com,Description for user 72
73,User 73,user73@example.com,Description for user 73
74,User 74,user74@example.com,Description for user 74
75,User 75,user75@example.com,Description for user 75
76,User 76,user76@example.com,Description for user 76
77,User 77,user77@example.com,Description for user 77
78,User 78,user78@example.com,Description for user 78
79,User 79,user79@example.com,Description for user 79
80,User 80,user80@example.com,Description for user 80
81,User 81,user81@example.com,Description for user 81
82,User 82,user82@example.com,Description for user 82
83,User 83,user83@example.com,Description for user 83
84,User 84,user84@example.com,Description for user 84
85,User 85,user85@example.com,Description for user 85
86,User 86,user86@example.com,Description for user 86
87,User 87,user87@example.com,Description for user 87
88,User 88,user88@example.com,Description for user 88
89,User 89,user89@example.com,Description for user 89
90,User 90,user90@example.com,Description for user 90
91,User 91,user91@example.com,Description for user 91
92,User 92,user92@example.com,Description for user 92
93,User 93,user93@example.com,Description for user 93
94,User 94,user94@example.com,Description for user 94
95,User 95,user95@example.com,Description for user 95
96,User 96,user96@example.com,Description for user 96
97,User 97,user97@example.com,Description for user 97
98,User 98,user98@example.com,Description for user 98
99,User 99,user99@example.com,Description for user 99
